Agency Name,Indicator Name,Period,Monthly Actual
Long Island Rail Road,Total Ridership,2019-06,7736345
Long Island Rail Road,Total Ridership,2019-05,7974945.46
Long Island Rail Road,Total Ridership,2019-04,7724037.6
Long Island Rail Road,Total Ridership,2019-03,7515113.2
Long Island Rail Road,Total Ridership,2019-02,6544350.5
Long Island Rail Road,Total Ridership,2019-01,7166693
Long Island Rail Road,Total Ridership,2018-12,7582808
Long Island Rail Road,Total Ridership,2018-11,7477649
Long Island Rail Road,Total Ridership,2018-10,8172734
Long Island Rail Road,Total Ridership,2018-09,7227262
Long Island Rail Road,Total Ridership,2018-08,7858108
Long Island Rail Road,Total Ridership,2018-07,7752358
Long Island Rail Road,Total Ridership,2018-06,7940642.4
Long Island Rail Road,Total Ridership,2018-05,7716073
Long Island Rail Road,Total Ridership,2018-04,7267217
Long Island Rail Road,Total Ridership,2018-03,7412000.6
Long Island Rail Road,Total Ridership,2018-02,6544350.5
Long Island Rail Road,Total Ridership,2018-01,6882948
Long Island Rail Road,Total Ridership,2017-12,7321816
Long Island Rail Road,Total Ridership,2017-11,7376934
Long Island Rail Road,Total Ridership,2017-10,7818376
Long Island Rail Road,Total Ridership,2017-09,7413822
Long Island Rail Road,Total Ridership,2017-08,7816201
Long Island Rail Road,Total Ridership,2017-07,7455744
Long Island Rail Road,Total Ridership,2017-06,7943275
Long Island Rail Road,Total Ridership,2017-05,7642164
Long Island Rail Road,Total Ridership,2017-04,7158667
Long Island Rail Road,Total Ridership,2017-03,7723528
Long Island Rail Road,Total Ridership,2017-02,6522399
Long Island Rail Road,Total Ridership,2017-01,6958391
Long Island Rail Road,Total Ridership,2016-12,7646609
Long Island Rail Road,Total Ridership,2016-11,7385548
Long Island Rail Road,Total Ridership,2016-10,7553444
Long Island Rail Road,Total Ridership,2016-09,7589091
Long Island Rail Road,Total Ridership,2016-08,7940051
Long Island Rail Road,Total Ridership,2016-07,7621000
Long Island Rail Road,Total Ridership,2016-06,7969169
Long Island Rail Road,Total Ridership,2016-05,7483655
Long Island Rail Road,Total Ridership,2016-04,7271823
Long Island Rail Road,Total Ridership,2016-03,7757041
Long Island Rail Road,Total Ridership,2016-02,6614306
Long Island Rail Road,Total Ridership,2016-01,6483006
Long Island Rail Road,Total Ridership,2015-12,7761607
Long Island Rail Road,Total Ridership,2015-11,7027591
Long Island Rail Road,Total Ridership,2015-10,7686741
Long Island Rail Road,Total Ridership,2015-09,7491598
Long Island Rail Road,Total Ridership,2015-08,7563444
Long Island Rail Road,Total Ridership,2015-07,7873688
Long Island Rail Road,Total Ridership,2015-06,7777803
Long Island Rail Road,Total Ridership,2015-05,7262655
Long Island Rail Road,Total Ridership,2015-04,7313844
Long Island Rail Road,Total Ridership,2015-03,7384700
Long Island Rail Road,Total Ridership,2015-02,6142068
Long Island Rail Road,Total Ridership,2015-01,6362309
Long Island Rail Road,Total Ridership,2014-12,7594356
Long Island Rail Road,Total Ridership,2014-11,6681433
Long Island Rail Road,Total Ridership,2014-10,7663987
Long Island Rail Road,Total Ridership,2014-09,7297453
Long Island Rail Road,Total Ridership,2014-08,7399382
Long Island Rail Road,Total Ridership,2014-07,7626108
Long Island Rail Road,Total Ridership,2014-06,7509011
Long Island Rail Road,Total Ridership,2014-05,7250532
Long Island Rail Road,Total Ridership,2014-04,7189777
Long Island Rail Road,Total Ridership,2014-03,6983094
Long Island Rail Road,Total Ridership,2014-02,6107685
Long Island Rail Road,Total Ridership,2014-01,6565428
Long Island Rail Road,Total Ridership,2013-12,7203268
Long Island Rail Road,Total Ridership,2013-11,6666796
Long Island Rail Road,Total Ridership,2013-10,7431994
Long Island Rail Road,Total Ridership,2013-09,6790701
Long Island Rail Road,Total Ridership,2013-08,7274722
Long Island Rail Road,Total Ridership,2013-07,7401120
Long Island Rail Road,Total Ridership,2013-06,6994737
Long Island Rail Road,Total Ridership,2013-05,7112429
Long Island Rail Road,Total Ridership,2013-04,6961659
Long Island Rail Road,Total Ridership,2013-03,6897877
Long Island Rail Road,Total Ridership,2013-02,6020679
Long Island Rail Road,Total Ridership,2013-01,6628268
Long Island Rail Road,Total Ridership,2012-12,6858868
Long Island Rail Road,Total Ridership,2012-11,5607406
Long Island Rail Road,Total Ridership,2012-10,6621963
Long Island Rail Road,Total Ridership,2012-09,6719248
Long Island Rail Road,Total Ridership,2012-08,7482932
Long Island Rail Road,Total Ridership,2012-07,7289683
Long Island Rail Road,Total Ridership,2012-06,7235529
Long Island Rail Road,Total Ridership,2012-05,7172588
Long Island Rail Road,Total Ridership,2012-04,6858130
Long Island Rail Road,Total Ridership,2012-03,7102378
Long Island Rail Road,Total Ridership,2012-02,6373028
Long Island Rail Road,Total Ridership,2012-01,6431658
Long Island Rail Road,Total Ridership,2011-12,7167781
Long Island Rail Road,Total Ridership,2011-11,6815374
Long Island Rail Road,Total Ridership,2011-10,6903268
Long Island Rail Road,Total Ridership,2011-09,6887995
Long Island Rail Road,Total Ridership,2011-08,6837184
Long Island Rail Road,Total Ridership,2011-07,7042470
Long Island Rail Road,Total Ridership,2011-06,7178901
Long Island Rail Road,Total Ridership,2011-05,6739212
Long Island Rail Road,Total Ridership,2011-04,6651960
Long Island Rail Road,Total Ridership,2011-03,7031512
Long Island Rail Road,Total Ridership,2011-02,5836491
Long Island Rail Road,Total Ridership,2011-01,5890855
Long Island Rail Road,Total Ridership,2010-12,6985089
Long Island Rail Road,Total Ridership,2010-11,6563349
Long Island Rail Road,Total Ridership,2010-10,6804525
Long Island Rail Road,Total Ridership,2010-09,6834199
Long Island Rail Road,Total Ridership,2010-08,7108665
Long Island Rail Road,Total Ridership,2010-07,7238718
Long Island Rail Road,Total Ridership,2010-06,7279744
Long Island Rail Road,Total Ridership,2010-05,6743764
Long Island Rail Road,Total Ridership,2010-04,6931286
Long Island Rail Road,Total Ridership,2010-03,7007149
Long Island Rail Road,Total Ridership,2010-02,5811552
Long Island Rail Road,Total Ridership,2010-01,6247660
Long Island Rail Road,Total Ridership,2009-12,7002228
Long Island Rail Road,Total Ridership,2009-11,6532672
Long Island Rail Road,Total Ridership,2009-10,6997677
Long Island Rail Road,Total Ridership,2009-09,6932125
Long Island Rail Road,Total Ridership,2009-08,7154348
Long Island Rail Road,Total Ridership,2009-07,7286295
Long Island Rail Road,Total Ridership,2009-06,7478422
Long Island Rail Road,Total Ridership,2009-05,6794737
Long Island Rail Road,Total Ridership,2009-04,7042760
Long Island Rail Road,Total Ridership,2009-03,7007440
Long Island Rail Road,Total Ridership,2009-02,6086638
Long Island Rail Road,Total Ridership,2009-01,6635505
Long Island Rail Road,Total Ridership,2008-12,7374694
Long Island Rail Road,Total Ridership,2008-11,6565079
Long Island Rail Road,Total Ridership,2008-10,7576507
Long Island Rail Road,Total Ridership,2008-09,7317370
Long Island Rail Road,Total Ridership,2008-08,7555198
Long Island Rail Road,Total Ridership,2008-07,7929227
Long Island Rail Road,Total Ridership,2008-06,7629775
Long Island Rail Road,Total Ridership,2008-05,7306098
Long Island Rail Road,Total Ridership,2008-04,7259848
Long Island Rail Road,Total Ridership,2008-03,7149326
Long Island Rail Road,Total Ridership,2008-02,6616912
Long Island Rail Road,Total Ridership,2008-01,7078442
Metro-North Railroad,Total Ridership,2019-12,7222953
Metro-North Railroad,Total Ridership,2019-11,6984562
Metro-North Railroad,Total Ridership,2019-10,7823079
Metro-North Railroad,Total Ridership,2019-09,7164148
Metro-North Railroad,Total Ridership,2019-08,7297197
Metro-North Railroad,Total Ridership,2019-07,7550014
Metro-North Railroad,Total Ridership,2019-06,7369572
Metro-North Railroad,Total Ridership,2019-05,7587279
Metro-North Railroad,Total Ridership,2019-04,7437206
Metro-North Railroad,Total Ridership,2019-03,7098004
Metro-North Railroad,Total Ridership,2019-02,6200044
Metro-North Railroad,Total Ridership,2019-01,6860312
Metro-North Railroad,Total Ridership,2018-12,7244447
Metro-North Railroad,Total Ridership,2018-11,7218474
Metro-North Railroad,Total Ridership,2018-10,7888088
Metro-North Railroad,Total Ridership,2018-09,6941823
Metro-North Railroad,Total Ridership,2018-08,7447642
Metro-North Railroad,Total Ridership,2018-07,7414611
Metro-North Railroad,Total Ridership,2018-06,7592314
Metro-North Railroad,Total Ridership,2018-05,7549186
Metro-North Railroad,Total Ridership,2018-04,7110538
Metro-North Railroad,Total Ridership,2018-03,7139088
Metro-North Railroad,Total Ridership,2018-02,6237588
Metro-North Railroad,Total Ridership,2018-01,6768837
Metro-North Railroad,Total Ridership,2017-12,7160806
Metro-North Railroad,Total Ridership,2017-11,7277877
Metro-North Railroad,Total Ridership,2017-10,7730577
Metro-North Railroad,Total Ridership,2017-09,7083645
Metro-North Railroad,Total Ridership,2017-08,7507575
Metro-North Railroad,Total Ridership,2017-07,7244976
Metro-North Railroad,Total Ridership,2017-06,7708077
Metro-North Railroad,Total Ridership,2017-05,7464395
Metro-North Railroad,Total Ridership,2017-04,7015190
Metro-North Railroad,Total Ridership,2017-03,7308183
Metro-North Railroad,Total Ridership,2017-02,6255285
Metro-North Railroad,Total Ridership,2017-01,6739640
Metro-North Railroad,Total Ridership,2016-12,7416456
Metro-North Railroad,Total Ridership,2016-11,7235754
Metro-North Railroad,Total Ridership,2016-10,7444035
Metro-North Railroad,Total Ridership,2016-09,7269161
Metro-North Railroad,Total Ridership,2016-08,7444260
Metro-North Railroad,Total Ridership,2016-07,7245013
Metro-North Railroad,Total Ridership,2016-06,7679576
Metro-North Railroad,Total Ridership,2016-05,7197619
Metro-North Railroad,Total Ridership,2016-04,7119160
Metro-North Railroad,Total Ridership,2016-03,7531732
Metro-North Railroad,Total Ridership,2016-02,6443258
Metro-North Railroad,Total Ridership,2016-01,6468097
Metro-North Railroad,Total Ridership,2015-12,7632258
Metro-North Railroad,Total Ridership,2015-11,6998173
Metro-North Railroad,Total Ridership,2015-10,7667660
Metro-North Railroad,Total Ridership,2015-09,7352209
Metro-North Railroad,Total Ridership,2015-08,7201809
Metro-North Railroad,Total Ridership,2015-07,7644287
Metro-North Railroad,Total Ridership,2015-06,7604031
Metro-North Railroad,Total Ridership,2015-05,7177702
Metro-North Railroad,Total Ridership,2015-04,7283033
Metro-North Railroad,Total Ridership,2015-03,7171308
Metro-North Railroad,Total Ridership,2015-02,5972025
Metro-North Railroad,Total Ridership,2015-01,6304067
Metro-North Railroad,Total Ridership,2014-12,7503970
Metro-North Railroad,Total Ridership,2014-11,6685728
Metro-North Railroad,Total Ridership,2014-10,7653001
Metro-North Railroad,Total Ridership,2014-09,7215858
Metro-North Railroad,Total Ridership,2014-08,7078935
Metro-North Railroad,Total Ridership,2014-07,7520253
Metro-North Railroad,Total Ridership,2014-06,7360103
Metro-North Railroad,Total Ridership,2014-05,7169671
Metro-North Railroad,Total Ridership,2014-04,7159018
Metro-North Railroad,Total Ridership,2014-03,6824170
Metro-North Railroad,Total Ridership,2014-02,5963984
Metro-North Railroad,Total Ridership,2014-01,6526360
Metro-North Railroad,Total Ridership,2013-12,7062872
Metro-North Railroad,Total Ridership,2013-11,6680246
Metro-North Railroad,Total Ridership,2013-10,7382282
Metro-North Railroad,Total Ridership,2013-09,6786130
Metro-North Railroad,Total Ridership,2013-08,7132265
Metro-North Railroad,Total Ridership,2013-07,7300168
Metro-North Railroad,Total Ridership,2013-06,7095500
Metro-North Railroad,Total Ridership,2013-05,7198299
Metro-North Railroad,Total Ridership,2013-04,7106230
Metro-North Railroad,Total Ridership,2013-03,6961374
Metro-North Railroad,Total Ridership,2013-02,5996007
Metro-North Railroad,Total Ridership,2013-01,6677133
Metro-North Railroad,Total Ridership,2012-12,7009613
Metro-North Railroad,Total Ridership,2012-11,6283202
Metro-North Railroad,Total Ridership,2012-10,6778734
Metro-North Railroad,Total Ridership,2012-09,6754982
Metro-North Railroad,Total Ridership,2012-08,7349146
Metro-North Railroad,Total Ridership,2012-07,7214301
Metro-North Railroad,Total Ridership,2012-06,7269950
Metro-North Railroad,Total Ridership,2012-05,7242998
Metro-North Railroad,Total Ridership,2012-04,6972024
Metro-North Railroad,Total Ridership,2012-03,7145215
Metro-North Railroad,Total Ridership,2012-02,6395892
Metro-North Railroad,Total Ridership,2012-01,6537572
Metro-North Railroad,Total Ridership,2011-12,7339230
Metro-North Railroad,Total Ridership,2011-11,6948147
Metro-North Railroad,Total Ridership,2011-10,7042872
Metro-North Railroad,Total Ridership,2011-09,6960470
Metro-North Railroad,Total Ridership,2011-08,6704764
Metro-North Railroad,Total Ridership,2011-07,7012229
Metro-North Railroad,Total Ridership,2011-06,7327290
Metro-North Railroad,Total Ridership,2011-05,6948660
Metro-North Railroad,Total Ridership,2011-04,6804593
Metro-North Railroad,Total Ridership,2011-03,7067303
Metro-North Railroad,Total Ridership,2011-02,5823842
Metro-North Railroad,Total Ridership,2011-01,6058384
Metro-North Railroad,Total Ridership,2010-12,7089455
Metro-North Railroad,Total Ridership,2010-11,6810467
Metro-North Railroad,Total Ridership,2010-10,7027596
Metro-North Railroad,Total Ridership,2010-09,6852629
Metro-North Railroad,Total Ridership,2010-08,6912973
Metro-North Railroad,Total Ridership,2010-07,6992466
Metro-North Railroad,Total Ridership,2010-06,7158125
Metro-North Railroad,Total Ridership,2010-05,6731056
Metro-North Railroad,Total Ridership,2010-04,6837262
Metro-North Railroad,Total Ridership,2010-03,6938210
Metro-North Railroad,Total Ridership,2010-02,5687951
Metro-North Railroad,Total Ridership,2010-01,6057658
Metro-North Railroad,Total Ridership,2009-12,6922906
Metro-North Railroad,Total Ridership,2009-11,6485758
Metro-North Railroad,Total Ridership,2009-10,6952772
Metro-North Railroad,Total Ridership,2009-09,6670065
Metro-North Railroad,Total Ridership,2009-08,6551798
Metro-North Railroad,Total Ridership,2009-07,7000919
Metro-North Railroad,Total Ridership,2009-06,7034778
Metro-North Railroad,Total Ridership,2009-05,6542782
Metro-North Railroad,Total Ridership,2009-04,6765029
Metro-North Railroad,Total Ridership,2009-03,6762519
Metro-North Railroad,Total Ridership,2009-02,5877056
Metro-North Railroad,Total Ridership,2009-01,6332765
Metro-North Railroad,Total Ridership,2008-12,7165229
Metro-North Railroad,Total Ridership,2008-11,6510977
Metro-North Railroad,Total Ridership,2008-10,7509521
Metro-North Railroad,Total Ridership,2008-09,7007148
Metro-North Railroad,Total Ridership,2008-08,7005789
Metro-North Railroad,Total Ridership,2008-07,7489563
Metro-North Railroad,Total Ridership,2008-06,7194263
Metro-North Railroad,Total Ridership,2008-05,7022684
Metro-North Railroad,Total Ridership,2008-04,6958640
Metro-North Railroad,Total Ridership,2008-03,6771486
Metro-North Railroad,Total Ridership,2008-02,6301485
Metro-North Railroad,Total Ridership,2008-01,6618443
MTA Bus,Total Ridership - MTA Bus,2018-07,9978075
MTA Bus,Total Ridership - MTA Bus,2018-06,10121363
MTA Bus,Total Ridership - MTA Bus,2018-05,11008565
MTA Bus,Total Ridership - MTA Bus,2018-04,10145682
MTA Bus,Total Ridership - MTA Bus,2018-03,10383080
MTA Bus,Total Ridership - MTA Bus,2018-02,9153053
MTA Bus,Total Ridership - MTA Bus,2018-01,9378094
MTA Bus,Total Ridership - MTA Bus,2017-12,9592517
MTA Bus,Total Ridership - MTA Bus,2017-11,10230691
MTA Bus,Total Ridership - MTA Bus,2017-10,10879804
MTA Bus,Total Ridership - MTA Bus,2017-09,10293093
MTA Bus,Total Ridership - MTA Bus,2017-08,10182683
MTA Bus,Total Ridership - MTA Bus,2017-07,9835319
MTA Bus,Total Ridership - MTA Bus,2017-06,10415892
MTA Bus,Total Ridership - MTA Bus,2017-05,10948781.97
MTA Bus,Total Ridership - MTA Bus,2017-04,9868714
MTA Bus,Total Ridership - MTA Bus,2017-03,10774447
MTA Bus,Total Ridership - MTA Bus,2017-02,9289269.8
MTA Bus,Total Ridership - MTA Bus,2017-01,9840105
MTA Bus,Total Ridership - MTA Bus,2016-12,10102793
MTA Bus,Total Ridership - MTA Bus,2016-11,10414870
MTA Bus,Total Ridership - MTA Bus,2016-10,10831627
MTA Bus,Total Ridership - MTA Bus,2016-09,10898004
MTA Bus,Total Ridership - MTA Bus,2016-08,10491025
MTA Bus,Total Ridership - MTA Bus,2016-07,10002577
MTA Bus,Total Ridership - MTA Bus,2016-06,10778433
MTA Bus,Total Ridership - MTA Bus,2016-05,11022447
MTA Bus,Total Ridership - MTA Bus,2016-04,10566032
MTA Bus,Total Ridership - MTA Bus,2016-03,11393621
MTA Bus,Total Ridership - MTA Bus,2016-02,9650946
MTA Bus,Total Ridership - MTA Bus,2016-01,9464783
MTA Bus,Total Ridership - MTA Bus,2015-12,10524956
MTA Bus,Total Ridership - MTA Bus,2015-11,10324241
MTA Bus,Total Ridership - MTA Bus,2015-10,11279854
MTA Bus,Total Ridership - MTA Bus,2015-09,10570651
MTA Bus,Total Ridership - MTA Bus,2015-08,10055139
MTA Bus,Total Ridership - MTA Bus,2015-07,10401103
MTA Bus,Total Ridership - MTA Bus,2015-06,10590096
MTA Bus,Total Ridership - MTA Bus,2015-05,10877950
MTA Bus,Total Ridership - MTA Bus,2015-04,10675874
MTA Bus,Total Ridership - MTA Bus,2015-03,10970259
MTA Bus,Total Ridership - MTA Bus,2015-02,9074682
MTA Bus,Total Ridership - MTA Bus,2015-01,9457874
MTA Bus,Total Ridership - MTA Bus,2014-12,10489370
MTA Bus,Total Ridership - MTA Bus,2014-11,10220982
MTA Bus,Total Ridership - MTA Bus,2014-10,11810454
MTA Bus,Total Ridership - MTA Bus,2014-09,11104725
MTA Bus,Total Ridership - MTA Bus,2014-08,10037289
MTA Bus,Total Ridership - MTA Bus,2014-07,10389661
MTA Bus,Total Ridership - MTA Bus,2014-06,10555276
MTA Bus,Total Ridership - MTA Bus,2014-05,11187051
MTA Bus,Total Ridership - MTA Bus,2014-04,10558780
MTA Bus,Total Ridership - MTA Bus,2014-03,10799880
MTA Bus,Total Ridership - MTA Bus,2014-02,8990398.57
MTA Bus,Total Ridership - MTA Bus,2014-01,9437370
MTA Bus,Total Ridership - MTA Bus,2013-12,9943284
MTA Bus,Total Ridership - MTA Bus,2013-11,10155709
MTA Bus,Total Ridership - MTA Bus,2013-10,11613627
MTA Bus,Total Ridership - MTA Bus,2013-09,10508842
MTA Bus,Total Ridership - MTA Bus,2013-08,9914400
MTA Bus,Total Ridership - MTA Bus,2013-07,10041752
MTA Bus,Total Ridership - MTA Bus,2013-06,10023008
MTA Bus,Total Ridership - MTA Bus,2013-05,11238753
MTA Bus,Total Ridership - MTA Bus,2013-04,11047687
MTA Bus,Total Ridership - MTA Bus,2013-03,10539798
MTA Bus,Total Ridership - MTA Bus,2013-02,9627674
MTA Bus,Total Ridership - MTA Bus,2013-01,10296651
MTA Bus,Total Ridership - MTA Bus,2012-12,9801961
MTA Bus,Total Ridership - MTA Bus,2012-11,9429395
MTA Bus,Total Ridership - MTA Bus,2012-10,9989731
MTA Bus,Total Ridership - MTA Bus,2012-09,9975745
MTA Bus,Total Ridership - MTA Bus,2012-08,9926419
MTA Bus,Total Ridership - MTA Bus,2012-07,9576499
MTA Bus,Total Ridership - MTA Bus,2012-06,10030937
MTA Bus,Total Ridership - MTA Bus,2012-05,10856590
MTA Bus,Total Ridership - MTA Bus,2012-04,9960123
MTA Bus,Total Ridership - MTA Bus,2012-03,10947264
MTA Bus,Total Ridership - MTA Bus,2012-02,9658843
MTA Bus,Total Ridership - MTA Bus,2012-01,9578127
MTA Bus,Total Ridership - MTA Bus,2011-12,9945047
MTA Bus,Total Ridership - MTA Bus,2011-11,10171405
MTA Bus,Total Ridership - MTA Bus,2011-10,10568181
MTA Bus,Total Ridership - MTA Bus,2011-09,10150490
MTA Bus,Total Ridership - MTA Bus,2011-08,9121097
MTA Bus,Total Ridership - MTA Bus,2011-07,9351729
MTA Bus,Total Ridership - MTA Bus,2011-06,10160289
MTA Bus,Total Ridership - MTA Bus,2011-05,10574867
MTA Bus,Total Ridership - MTA Bus,2011-04,9693037
MTA Bus,Total Ridership - MTA Bus,2011-03,10788808
MTA Bus,Total Ridership - MTA Bus,2011-02,8815925
MTA Bus,Total Ridership - MTA Bus,2011-01,8940417
MTA Bus,Total Ridership - MTA Bus,2010-12,8940417
MTA Bus,Total Ridership - MTA Bus,2010-11,10210097
MTA Bus,Total Ridership - MTA Bus,2010-10,10764060
MTA Bus,Total Ridership - MTA Bus,2010-09,10223335
MTA Bus,Total Ridership - MTA Bus,2010-08,9597962
MTA Bus,Total Ridership - MTA Bus,2010-07,9708553
MTA Bus,Total Ridership - MTA Bus,2010-06,11482642
MTA Bus,Total Ridership - MTA Bus,2010-05,10268999
MTA Bus,Total Ridership - MTA Bus,2010-04,10274944
MTA Bus,Total Ridership - MTA Bus,2010-03,10631985
MTA Bus,Total Ridership - MTA Bus,2010-02,8458189
MTA Bus,Total Ridership - MTA Bus,2010-01,9172447
MTA Bus,Total Ridership - MTA Bus,2009-12,9896486
MTA Bus,Total Ridership - MTA Bus,2009-11,10042575
MTA Bus,Total Ridership - MTA Bus,2009-10,10964658
MTA Bus,Total Ridership - MTA Bus,2009-09,10252638
MTA Bus,Total Ridership - MTA Bus,2009-08,9220512
MTA Bus,Total Ridership - MTA Bus,2009-07,9667200
MTA Bus,Total Ridership - MTA Bus,2009-06,10165530
MTA Bus,Total Ridership - MTA Bus,2009-05,10343294
MTA Bus,Total Ridership - MTA Bus,2009-04,10128848
MTA Bus,Total Ridership - MTA Bus,2009-03,10658594
MTA Bus,Total Ridership - MTA Bus,2009-02,9213013
MTA Bus,Total Ridership - MTA Bus,2009-01,9439157
MTA Bus,Total Ridership - MTA Bus,2008-12,10014576
MTA Bus,Total Ridership - MTA Bus,2008-11,9673322
MTA Bus,Total Ridership - MTA Bus,2008-10,11242147
MTA Bus,Total Ridership - MTA Bus,2008-09,10798069
MTA Bus,Total Ridership - MTA Bus,2008-08,9651741
MTA Bus,Total Ridership - MTA Bus,2008-07,10090794
MTA Bus,Total Ridership - MTA Bus,2008-06,10070315
MTA Bus,Total Ridership - MTA Bus,2008-05,10491142
MTA Bus,Total Ridership - MTA Bus,2008-04,10234615
MTA Bus,Total Ridership - MTA Bus,2008-03,10145256
MTA Bus,Total Ridership - MTA Bus,2008-02,9087705
MTA Bus,Total Ridership - MTA Bus,2008-01,9528068
NYC Transit,Total Ridership - NYCT Bus,2018-07,46072347
NYC Transit,Total Ridership - NYCT Bus,2018-06,47613640
NYC Transit,Total Ridership - NYCT Bus,2018-05,51833282
NYC Transit,Total Ridership - NYCT Bus,2018-04,48618792
NYC Transit,Total Ridership - NYCT Bus,2018-03,49761212
NYC Transit,Total Ridership - NYCT Bus,2018-02,44686764
NYC Transit,Total Ridership - NYCT Bus,2018-01,45323007
NYC Transit,Total Ridership - NYCT Bus,2017-12,46440136
NYC Transit,Total Ridership - NYCT Bus,2017-11,49790212
NYC Transit,Total Ridership - NYCT Bus,2017-10,54167068
NYC Transit,Total Ridership - NYCT Bus,2017-09,50399666
NYC Transit,Total Ridership - NYCT Bus,2017-08,48720905
NYC Transit,Total Ridership - NYCT Bus,2017-07,47820447
NYC Transit,Total Ridership - NYCT Bus,2017-06,51235902
NYC Transit,Total Ridership - NYCT Bus,2017-05,54521405
NYC Transit,Total Ridership - NYCT Bus,2017-04,49647496
NYC Transit,Total Ridership - NYCT Bus,2017-03,53491942
NYC Transit,Total Ridership - NYCT Bus,2017-02,46731666
NYC Transit,Total Ridership - NYCT Bus,2017-01,49629065
NYC Transit,Total Ridership - NYCT Bus,2016-12,50830973
NYC Transit,Total Ridership - NYCT Bus,2016-11,52389723
NYC Transit,Total Ridership - NYCT Bus,2016-10,54558371
NYC Transit,Total Ridership - NYCT Bus,2016-09,54848336
NYC Transit,Total Ridership - NYCT Bus,2016-08,52055737
NYC Transit,Total Ridership - NYCT Bus,2016-07,50453231
NYC Transit,Total Ridership - NYCT Bus,2016-06,54222089
NYC Transit,Total Ridership - NYCT Bus,2016-05,56608696
NYC Transit,Total Ridership - NYCT Bus,2016-04,54318126
NYC Transit,Total Ridership - NYCT Bus,2016-03,58720672
NYC Transit,Total Ridership - NYCT Bus,2016-02,50327673
NYC Transit,Total Ridership - NYCT Bus,2016-01,49049885
NYC Transit,Total Ridership - NYCT Bus,2015-12,58610335
NYC Transit,Total Ridership - NYCT Bus,2015-11,52985130
NYC Transit,Total Ridership - NYCT Bus,2015-10,58449039
NYC Transit,Total Ridership - NYCT Bus,2015-09,54392233
NYC Transit,Total Ridership - NYCT Bus,2015-08,51054063
NYC Transit,Total Ridership - NYCT Bus,2015-07,53374702
NYC Transit,Total Ridership - NYCT Bus,2015-06,54947346
NYC Transit,Total Ridership - NYCT Bus,2015-05,57124900
NYC Transit,Total Ridership - NYCT Bus,2015-04,55191877
NYC Transit,Total Ridership - NYCT Bus,2015-03,57323440
NYC Transit,Total Ridership - NYCT Bus,2015-02,47545151
NYC Transit,Total Ridership - NYCT Bus,2015-01,49654222
NYC Transit,Total Ridership - NYCT Bus,2014-12,54329963
NYC Transit,Total Ridership - NYCT Bus,2014-11,53196372
NYC Transit,Total Ridership - NYCT Bus,2014-10,62068673
NYC Transit,Total Ridership - NYCT Bus,2014-09,58388972
NYC Transit,Total Ridership - NYCT Bus,2014-08,52351543
NYC Transit,Total Ridership - NYCT Bus,2014-07,54949008
NYC Transit,Total Ridership - NYCT Bus,2014-06,56216411
NYC Transit,Total Ridership - NYCT Bus,2014-05,59972215
NYC Transit,Total Ridership - NYCT Bus,2014-04,56943475
NYC Transit,Total Ridership - NYCT Bus,2014-03,59237901
NYC Transit,Total Ridership - NYCT Bus,2014-02,48252763
NYC Transit,Total Ridership - NYCT Bus,2014-01,51002214
NYC Transit,Total Ridership - NYCT Bus,2013-12,53181046
NYC Transit,Total Ridership - NYCT Bus,2013-11,55159303
NYC Transit,Total Ridership - NYCT Bus,2013-10,63165156
NYC Transit,Total Ridership - NYCT Bus,2013-09,57166478
NYC Transit,Total Ridership - NYCT Bus,2013-08,53706309
NYC Transit,Total Ridership - NYCT Bus,2013-07,54524753
NYC Transit,Total Ridership - NYCT Bus,2013-06,55007828
NYC Transit,Total Ridership - NYCT Bus,2013-05,60105544
NYC Transit,Total Ridership - NYCT Bus,2013-04,59560909
NYC Transit,Total Ridership - NYCT Bus,2013-03,57796137
NYC Transit,Total Ridership - NYCT Bus,2013-02,52375116
NYC Transit,Total Ridership - NYCT Bus,2013-01,55788332
NYC Transit,Total Ridership - NYCT Bus,2012-12,53221342
NYC Transit,Total Ridership - NYCT Bus,2012-11,51787611
NYC Transit,Total Ridership - NYCT Bus,2012-10,55202371
NYC Transit,Total Ridership - NYCT Bus,2012-09,55187634
NYC Transit,Total Ridership - NYCT Bus,2012-08,53981834
NYC Transit,Total Ridership - NYCT Bus,2012-07,53077065
NYC Transit,Total Ridership - NYCT Bus,2012-06,55703596
NYC Transit,Total Ridership - NYCT Bus,2012-05,60349656
NYC Transit,Total Ridership - NYCT Bus,2012-04,55797244
NYC Transit,Total Ridership - NYCT Bus,2012-03,60752861
NYC Transit,Total Ridership - NYCT Bus,2012-02,53946511
NYC Transit,Total Ridership - NYCT Bus,2012-01,53239455
NYC Transit,Total Ridership - NYCT Bus,2011-12,55049742
NYC Transit,Total Ridership - NYCT Bus,2011-11,56291862
NYC Transit,Total Ridership - NYCT Bus,2011-10,59104357
NYC Transit,Total Ridership - NYCT Bus,2011-09,56742629
NYC Transit,Total Ridership - NYCT Bus,2011-08,50284616
NYC Transit,Total Ridership - NYCT Bus,2011-07,52969610
NYC Transit,Total Ridership - NYCT Bus,2011-06,57107762
NYC Transit,Total Ridership - NYCT Bus,2011-05,59422831
NYC Transit,Total Ridership - NYCT Bus,2011-04,55612772
NYC Transit,Total Ridership - NYCT Bus,2011-03,61735281
NYC Transit,Total Ridership - NYCT Bus,2011-02,50216572
NYC Transit,Total Ridership - NYCT Bus,2011-01,50743111
NYC Transit,Total Ridership - NYCT Bus,2010-12,50743111
NYC Transit,Total Ridership - NYCT Bus,2010-11,58061221
NYC Transit,Total Ridership - NYCT Bus,2010-10,61953116
NYC Transit,Total Ridership - NYCT Bus,2010-09,58849746
NYC Transit,Total Ridership - NYCT Bus,2010-08,54888218
NYC Transit,Total Ridership - NYCT Bus,2010-07,56288501
NYC Transit,Total Ridership - NYCT Bus,2010-06,60096854
NYC Transit,Total Ridership - NYCT Bus,2010-05,61939306
NYC Transit,Total Ridership - NYCT Bus,2010-04,61770630
NYC Transit,Total Ridership - NYCT Bus,2010-03,63734422
NYC Transit,Total Ridership - NYCT Bus,2010-02,50967260
NYC Transit,Total Ridership - NYCT Bus,2010-01,55536876
NYC Transit,Total Ridership - NYCT Bus,2009-12,57968949
NYC Transit,Total Ridership - NYCT Bus,2009-11,59500722
NYC Transit,Total Ridership - NYCT Bus,2009-10,65187884
NYC Transit,Total Ridership - NYCT Bus,2009-09,61277073
NYC Transit,Total Ridership - NYCT Bus,2009-08,55813560
NYC Transit,Total Ridership - NYCT Bus,2009-07,58621866
NYC Transit,Total Ridership - NYCT Bus,2009-06,61470181
NYC Transit,Total Ridership - NYCT Bus,2009-05,63714187
NYC Transit,Total Ridership - NYCT Bus,2009-04,62183189
NYC Transit,Total Ridership - NYCT Bus,2009-03,65574537
NYC Transit,Total Ridership - NYCT Bus,2009-02,56959039
NYC Transit,Total Ridership - NYCT Bus,2009-01,58200405
NYC Transit,Total Ridership - NYCT Bus,2008-12,60348000
NYC Transit,Total Ridership - NYCT Bus,2008-11,59213000
NYC Transit,Total Ridership - NYCT Bus,2008-10,67390000
NYC Transit,Total Ridership - NYCT Bus,2008-09,64956000
NYC Transit,Total Ridership - NYCT Bus,2008-08,58465618
NYC Transit,Total Ridership - NYCT Bus,2008-07,61878187
NYC Transit,Total Ridership - NYCT Bus,2008-06,62609260
NYC Transit,Total Ridership - NYCT Bus,2008-05,65582363
NYC Transit,Total Ridership - NYCT Bus,2008-04,63701847
NYC Transit,Total Ridership - NYCT Bus,2008-03,64147814
NYC Transit,Total Ridership - NYCT Bus,2008-02,57631961
NYC Transit,Total Ridership - NYCT Bus,2008-01,60889506
NYC Transit,Total Ridership - Subways,2017-12,139097559
NYC Transit,Total Ridership - Subways,2017-11,144357826
NYC Transit,Total Ridership - Subways,2017-10,153344574
NYC Transit,Total Ridership - Subways,2017-09,143012669
NYC Transit,Total Ridership - Subways,2017-08,141721056
NYC Transit,Total Ridership - Subways,2017-07,137447659
NYC Transit,Total Ridership - Subways,2017-06,149360780
NYC Transit,Total Ridership - Subways,2017-05,153470353
NYC Transit,Total Ridership - Subways,2017-04,143284553
NYC Transit,Total Ridership - Subways,2017-03,151384924
NYC Transit,Total Ridership - Subways,2017-02,130465060
NYC Transit,Total Ridership - Subways,2017-01,140288294
NYC Transit,Total Ridership - Subways,2016-12,147509424
NYC Transit,Total Ridership - Subways,2016-11,147033943
NYC Transit,Total Ridership - Subways,2016-10,150638608
NYC Transit,Total Ridership - Subways,2016-09,148467391
NYC Transit,Total Ridership - Subways,2016-08,143703034
NYC Transit,Total Ridership - Subways,2016-07,139851426
NYC Transit,Total Ridership - Subways,2016-06,151007041
NYC Transit,Total Ridership - Subways,2016-05,151910204
NYC Transit,Total Ridership - Subways,2016-04,147291655
NYC Transit,Total Ridership - Subways,2016-03,156297328
NYC Transit,Total Ridership - Subways,2016-02,136690795
NYC Transit,Total Ridership - Subways,2016-01,136413951
NYC Transit,Total Ridership - Subways,2015-12,150834412
NYC Transit,Total Ridership - Subways,2015-11,144519447
NYC Transit,Total Ridership - Subways,2015-10,161124042
NYC Transit,Total Ridership - Subways,2015-09,146515000
NYC Transit,Total Ridership - Subways,2015-08,139974023
NYC Transit,Total Ridership - Subways,2015-07,148098272
NYC Transit,Total Ridership - Subways,2015-06,152034275
NYC Transit,Total Ridership - Subways,2015-05,151418931
NYC Transit,Total Ridership - Subways,2015-04,150348150
NYC Transit,Total Ridership - Subways,2015-03,153076928
NYC Transit,Total Ridership - Subways,2015-02,130778251
NYC Transit,Total Ridership - Subways,2015-01,133769924
NYC Transit,Total Ridership - Subways,2014-12,150150167
NYC Transit,Total Ridership - Subways,2014-11,141224462
NYC Transit,Total Ridership - Subways,2014-10,160094868
NYC Transit,Total Ridership - Subways,2014-09,149379082
NYC Transit,Total Ridership - Subways,2014-08,140032698
NYC Transit,Total Ridership - Subways,2014-07,146387263
NYC Transit,Total Ridership - Subways,2014-06,147972716
NYC Transit,Total Ridership - Subways,2014-05,152779557
NYC Transit,Total Ridership - Subways,2014-04,147926218
NYC Transit,Total Ridership - Subways,2014-03,148399611
NYC Transit,Total Ridership - Subways,2014-02,129798394
NYC Transit,Total Ridership - Subways,2014-01,137104015
NYC Transit,Total Ridership - Subways,2013-12,142545974
NYC Transit,Total Ridership - Subways,2013-11,141464184
NYC Transit,Total Ridership - Subways,2013-10,156450636
NYC Transit,Total Ridership - Subways,2013-09,141551981
NYC Transit,Total Ridership - Subways,2013-08,138694131.77
NYC Transit,Total Ridership - Subways,2013-07,140790832
NYC Transit,Total Ridership - Subways,2013-06,141256868
NYC Transit,Total Ridership - Subways,2013-05,150544399
NYC Transit,Total Ridership - Subways,2013-04,146388413.89
NYC Transit,Total Ridership - Subways,2013-03,142934752
NYC Transit,Total Ridership - Subways,2013-02,127917491.26
NYC Transit,Total Ridership - Subways,2013-01,136985100.41
NYC Transit,Total Ridership - Subways,2012-12,137234842
NYC Transit,Total Ridership - Subways,2012-11,124291965
NYC Transit,Total Ridership - Subways,2012-10,137138044
NYC Transit,Total Ridership - Subways,2012-09,136962617
NYC Transit,Total Ridership - Subways,2012-08,139368048
NYC Transit,Total Ridership - Subways,2012-07,137123261
NYC Transit,Total Ridership - Subways,2012-06,141989816
NYC Transit,Total Ridership - Subways,2012-05,148398562
NYC Transit,Total Ridership - Subways,2012-04,139083547
NYC Transit,Total Ridership - Subways,2012-03,147440937
NYC Transit,Total Ridership - Subways,2012-02,132353517
NYC Transit,Total Ridership - Subways,2012-01,132772387
NYC Transit,Total Ridership - Subways,2011-12,141987712
NYC Transit,Total Ridership - Subways,2011-11,139725379
NYC Transit,Total Ridership - Subways,2011-10,144272734
NYC Transit,Total Ridership - Subways,2011-09,138363218
NYC Transit,Total Ridership - Subways,2011-08,128020545
NYC Transit,Total Ridership - Subways,2011-07,131188482
NYC Transit,Total Ridership - Subways,2011-06,146943606
NYC Transit,Total Ridership - Subways,2011-05,140211645
NYC Transit,Total Ridership - Subways,2011-04,134759291
NYC Transit,Total Ridership - Subways,2011-03,144992308
NYC Transit,Total Ridership - Subways,2011-02,123148197
NYC Transit,Total Ridership - Subways,2011-01,126714693
NYC Transit,Total Ridership - Subways,2010-12,135904672.22
NYC Transit,Total Ridership - Subways,2010-11,135692863
NYC Transit,Total Ridership - Subways,2010-10,142062724
NYC Transit,Total Ridership - Subways,2010-09,134616599
NYC Transit,Total Ridership - Subways,2010-08,129614344
NYC Transit,Total Ridership - Subways,2010-07,131462116
NYC Transit,Total Ridership - Subways,2010-06,137776559
NYC Transit,Total Ridership - Subways,2010-05,136783505
NYC Transit,Total Ridership - Subways,2010-04,137493648
NYC Transit,Total Ridership - Subways,2010-03,141694962
NYC Transit,Total Ridership - Subways,2010-02,116642180
NYC Transit,Total Ridership - Subways,2010-01,124453847
NYC Transit,Total Ridership - Subways,2009-12,134646273
NYC Transit,Total Ridership - Subways,2009-11,129582208
NYC Transit,Total Ridership - Subways,2009-10,140665575
NYC Transit,Total Ridership - Subways,2009-09,132849077
NYC Transit,Total Ridership - Subways,2009-08,124429585
NYC Transit,Total Ridership - Subways,2009-07,132712155
NYC Transit,Total Ridership - Subways,2009-06,134869386.24
NYC Transit,Total Ridership - Subways,2009-05,133291045
NYC Transit,Total Ridership - Subways,2009-04,133627175
NYC Transit,Total Ridership - Subways,2009-03,136722849
NYC Transit,Total Ridership - Subways,2009-02,120462055
NYC Transit,Total Ridership - Subways,2009-01,126009217
NYC Transit,Total Ridership - Subways,2008-12,135899369
NYC Transit,Total Ridership - Subways,2008-11,128600655
NYC Transit,Total Ridership - Subways,2008-10,145276862
NYC Transit,Total Ridership - Subways,2008-09,138407478
NYC Transit,Total Ridership - Subways,2008-08,130906150
NYC Transit,Total Ridership - Subways,2008-07,137724560
NYC Transit,Total Ridership - Subways,2008-06,136670880
NYC Transit,Total Ridership - Subways,2008-05,140151863
NYC Transit,Total Ridership - Subways,2008-04,136528969
NYC Transit,Total Ridership - Subways,2008-03,137148128
NYC Transit,Total Ridership - Subways,2008-02,125878662
NYC Transit,Total Ridership - Subways,2008-01,130687792
